INSERT INTO company_owner (owner_id, first_name, last_name, surname, address, phone_number)
VALUES
(1, 'Іван', 'Коваленко', NULL, 'вул. Головна, 123', '380501234567'),
(2, 'Олена', 'Шевченко', 'Вікторівна', 'вул. Базарна, 45', '380501234568'),
(3, 'Петро', 'Іваненко', NULL, 'вул. Центральна, 89', '380501234569'),
(4, 'Марія', 'Левченко', 'Григорівна', 'вул. Садова, 23', '380501234570'),
(5, 'Анатолій', 'Сидоренко', NULL, 'вул. Лісова, 34', '380501234571'),
(6, 'Катерина', 'Нечипоренко', 'Олексіївна', 'вул. Вишнева, 12', '380501234572'),
(7, 'Сергій', 'Тимченко', NULL, 'вул. Політехнічна, 25', '380501234573'),
(8, 'Оксана', 'Гнатенко', 'Дмитрівна', 'вул. Шевченка, 56', '380501234574'),
(9, 'Андрій', 'Мельник', NULL, 'вул. Південна, 67', '380501234575'),
(10, 'Ірина', 'Козак', 'Олексіївна', 'вул. Перемоги, 8', '380501234576'),
(11, 'Владимир', 'Іванов', 'Олександрович', 'вул. Травнева, 34', '380501234577'),
(12, 'Марина', 'Кучеренко', 'Юріївна', 'вул. Новосільська, 19', '380501234578'),
(13, 'Дмитро', 'Панченко', NULL, 'вул. Остромадська, 45', '380501234579'),
(14, 'Наталія', 'Васильєва', 'Іванівна', 'вул. Квіткова, 32', '380501234580'),
(15, 'Михайло', 'Мороз', NULL, 'вул. Шляхова, 76', '380501234581'),
(16, 'Людмила', 'Смирнова', 'Анатоліївна', 'вул. Центральна, 13', '380501234582'),
(17, 'Валентин', 'Захарченко', NULL, 'вул. Літня, 58', '380501234583'),
(18, 'Ірина', 'Герасимова', 'Володимирівна', 'вул. Природна, 21', '380501234584'),
(19, 'Віктор', 'Бондаренко', NULL, 'вул. Київська, 14', '380501234585'),
(20, 'Аліна', 'Дяченко', 'Петрівна', 'вул. Обухівська, 72', '380501234586'),
(21, 'Олег', 'Лавров', NULL, 'вул. Соснова, 34', '380501234587'),
(22, 'Тетяна', 'Голубєва', 'Ігорівна', 'вул. Підгорна, 19', '380501234588'),
(23, 'Станіслав', 'Галкін', NULL, 'вул. Молодіжна, 40', '380501234589'),
(24, 'Ганна', 'Шматко', 'Олексіївна', 'вул. Промислова, 23', '380501234590'),
(25, 'Євген', 'Баранов', NULL, 'вул. Луговська, 15', '380501234591'),
(26, 'Ігор', 'Карпенко', 'Дмитрович', 'вул. Тополина, 60', '380501234592'),
(27, 'Юлія', 'Калініна', 'Олександрівна', 'вул. Майорова, 17', '380501234593'),
(28, 'Олександр', 'Федоренко', NULL, 'вул. Лесі Українки, 31', '380501234594'),
(29, 'Світлана', 'Шевцова', 'Іванівна', 'вул. Лісова, 50', '380501234595'),
(30, 'Роман', 'Дорошенко', NULL, 'вул. Козацька, 21', '380501234596'),
(31, 'Андрій', 'Соловйов', NULL, 'вул. Зелені Гори, 37', '380501234597'),
(32, 'Ніна', 'Худякова', 'Миколаївна', 'вул. Хмельницька, 2', '380501234598'),
(33, 'Денис', 'Лисенко', NULL, 'вул. Квітуча, 85', '380501234599'),
(34, 'Олена', 'Сергієнко', 'Віталіївна', 'вул. Світла, 4', '380501234600'),
(35, 'Микола', 'Кравченко', NULL, 'вул. Садова, 44', '380501234601'),
(36, 'Віталій', 'Ємельянов', NULL, 'вул. Старокостянтинівська, 58', '380501234602'),
(37, 'Зоя', 'Смолінська', 'Григорівна', 'вул. Лиманська, 24', '380501234603'),
(38, 'Георгій', 'Куриленко', NULL, 'вул. Базарна, 12', '380501234604'),
(39, 'Валерія', 'Тимошенко', 'Сергіївна', 'вул. Центральна, 73', '380501234605'),
(40, 'Роман', 'Кисельов', NULL, 'вул. Технічна, 18', '380501234606'),
(41, 'Анна', 'Шевченко', 'Олексіївна', 'вул. Вишнева, 38', '380501234607'),
(42, 'Тимур', 'Кузнецов', NULL, 'вул. Дніпровська, 27', '380501234608'),
(43, 'Лілія', 'Тищенко', 'Юріївна', 'вул. Запорізька, 33', '380501234609'),
(44, 'Максим', 'Давиденко', NULL, 'вул. Європейська, 5', '380501234610'),
(45, 'Ілона', 'Гайдамака', 'Степанівна', 'вул. Більшовиків, 10', '380501234611'),
(46, 'Дмитро', 'Тимчук', NULL, 'вул. Весняна, 52', '380501234612'),
(47, 'Тетяна', 'Гриценко', 'Віталіївна', 'вул. Петрівська, 9', '380501234613'),
(48, 'Ігор', 'Кучер', NULL, 'вул. Сонячна, 26', '380501234614'),
(49, 'Анжела', 'Кобилянська', 'Петрівна', 'вул. Горького, 11', '380501234615'),
(50, 'Микола', 'Гаврилюк', NULL, 'вул. Шевченка, 7', '380501234616'),
(51, 'Ірина', 'Данилова', 'Олександрівна', 'вул. Левада, 99', '380501234617'),
(52, 'Ігор', 'Корольов', NULL, 'вул. Гречанова, 88', '380501234618'),
(53, 'Марина', 'Юрченко', 'Олександрівна', 'вул. Зелена, 45', '380501234619'),
(54, 'Григорій', 'Зубко', NULL, 'вул. Луцька, 2', '380501234620'),
(55, 'Катерина', 'Петренко', 'Валеріївна', 'вул. Подільська, 77', '380501234621'),
(56, 'Валентин', 'Пахомов', NULL, 'вул. Широка, 40', '380501234622'),
(57, 'Ірина', 'Рибак', 'Петроївна', 'вул. Молодіжна, 90', '380501234623'),
(58, 'Юрій', 'Марченко', NULL, 'вул. Новосілля, 14', '380501234624'),
(59, 'Наталія', 'Іванова', 'Сергіївна', 'вул. Привокзальна, 13', '380501234625'),
(60, 'Василь', 'Гуменюк', NULL, 'вул. Кривий Ріг, 35', '380501234626'),
(61, 'Ірина', 'Чернишова', 'Петрівна', 'вул. Сонячна, 49', '380501234627'),
(62, 'Віталій', 'Король', NULL, 'вул. Набережна, 23', '380501234628'),
(63, 'Людмила', 'Федорова', 'Сергіївна', 'вул. Черняхівська, 32', '380501234629'),
(64, 'Олександр', 'Фомін', NULL, 'вул. Павлова, 28', '380501234630'),
(65, 'Юлія', 'Максимова', 'Іванівна', 'вул. Миколаївська, 11', '380501234631'),
(66, 'Тимофій', 'Бойко', NULL, 'вул. Шосейна, 50', '380501234632'),
(67, 'Ірина', 'Кузьменко', 'Станіславівна', 'вул. Озерна, 16', '380501234633'),
(68, 'Геннадій', 'Тимошенко', NULL, 'вул. Тихоокеанська, 9', '380501234634'),
(69, 'Марина', 'Тимченко', 'Миколаївна', 'вул. Чернігівська, 3', '380501234635'),
(70, 'Вадим', 'Литвиненко', NULL, 'вул. Станіславська, 13', '380501234636'),
(71, 'Юрій', 'Козлов', NULL, 'вул. Тверда, 7', '380501234637'),
(72, 'Надія', 'Маслова', 'Григорівна', 'вул. Чорноморська, 32', '380501234638'),
(73, 'Ірина', 'Гавриш', 'Юріївна', 'вул. Лісова, 5', '380501234639'),
(74, 'Денис', 'Петров', NULL, 'вул. Гоголя, 4', '380501234640'),
(75, 'Анастасія', 'Лещенко', 'Федорівна', 'вул. Кам’яна, 3', '380501234641'),
(76, 'Ілля', 'Григоров', NULL, 'вул. Академічна, 33', '380501234642'),
(77, 'Людмила', 'Шевченко', 'Георгіївна', 'вул. Новокостянтинівська, 8', '380501234643'),
(78, 'Сергій', 'Топольник', NULL, 'вул. Курортна, 21', '380501234644'),
(79, 'Надія', 'Корсун', 'Тимофіївна', 'вул. Долинна, 11', '380501234645'),
(80, 'Андрій', 'Євстигнєєв', NULL, 'вул. Дніпровська, 17', '380501234646'),
(81, 'Тетяна', 'Литвинова', 'Іванівна', 'вул. Миколайчук, 12', '380501234647'),
(82, 'Віталій', 'Поліщук', NULL, 'вул. Глинська, 2', '380501234648'),
(83, 'Ірина', 'Бардин', 'Юріївна', 'вул. Каштанова, 30', '380501234649'),
(84, 'Валентин', 'Гонтар', NULL, 'вул. Руднєва, 11', '380501234650'),
(85, 'Сергій', 'Рябченко', NULL, 'вул. Сніжна, 50', '380501234651'),
(86, 'Катерина', 'Вишняк', 'Григорівна', 'вул. Соколова, 12', '380501234652'),
(87, 'Володимир', 'Куц', NULL, 'вул. Зеленогірська, 41', '380501234653'),
(88, 'Євген', 'Фролов', NULL, 'вул. Велика, 19', '380501234654'),
(89, 'Анастасія', 'Швидка', 'Петрівна', 'вул. Центральна, 6', '380501234655'),
(90, 'Максим', 'Губенко', NULL, 'вул. Лісова, 14', '380501234656'),
(91, 'Марина', 'Іванова', 'Миколаївна', 'вул. Квіткова, 7', '380501234657'),
(92, 'Павло', 'Сидоренко', NULL, 'вул. Дніпровська, 23', '380501234658'),
(93, 'Оксана', 'Дорошенко', 'Іванівна', 'вул. Лесі Українки, 5', '380501234659'),
(94, 'Юрій', 'Гуменний', NULL, 'вул. Садова, 8', '380501234660'),
(95, 'Наталія', 'Гордієнко', 'Володимирівна', 'вул. Лугова, 11', '380501234661'),
(96, 'Валерій', 'Семененко', NULL, 'вул. Шевченка, 3', '380501234662'),
(97, 'Людмила', 'Косенко', 'Григорівна', 'вул. Гвардійська, 19', '380501234663'),
(98, 'Віктор', 'Кравченко', NULL, 'вул. Ломоносова, 21', '380501234664'),
(99, 'Алла', 'Власенко', 'Олександрівна', 'вул. Морська, 4', '380501234665'),
(100, 'Дмитро', 'Мельник', NULL, 'вул. Печерська, 15', '380501234666');

SELECT * FROM company_owner;

INSERT INTO company (company_name, address)
VALUES
('ТехноКорп', 'просп. Науки, 56'),
('РітейлІнк', 'вул. Ринкова, 34'),
('ПостачСервіс', 'вул. Заводська, 78'),
('АвтоСервіс', 'вул. Спортивна, 15'),
('БудЕксперт', 'вул. Будівельна, 100'),
('ТехБуд', 'просп. Свободи, 22'),
('Агротех', 'вул. Сільська, 19'),
('СтройГруп', 'вул. Миколаївська, 11'),
('Меблевий Світ', 'вул. Квіткова, 7'),
('ЕлектроІндустрія', 'вул. Промислова, 2'),
('БудГарант', 'вул. Лісова, 23'),
('МайстерПласт', 'вул. Шевченка, 15'),
('ЕкоТех', 'вул. Городська, 8'),
('СільБуд', 'вул. Миколаївська, 5'),
('СоларТех', 'вул. Сонячна, 16'),
('ВодТех', 'вул. Технічна, 4'),
('МегаМеблі', 'вул. Студентська, 21'),
('Автосвіт', 'вул. Леніна, 12'),
('БетонБуд', 'вул. Промислова, 14'),
('Архітектура 21', 'вул. Краєзнавча, 18'),
('ЕкоБуд', 'вул. Молодіжна, 25'),
('ЕнергоГруп', 'вул. Хімічна, 32'),
('ПроектБуд', 'вул. Старообрядницька, 11'),
('Меблі-Сервіс', 'вул. Пролетарська, 27'),
('РемонтБуд', 'вул. Полтавська, 14'),
('БудМаркет', 'вул. Центральна, 9'),
('АльфаСтрой', 'вул. Карпатська, 6'),
('ТехПласт', 'вул. Київська, 19'),
('ДревБуд', 'вул. Західна, 22'),
('СтарБуд', 'вул. Печерська, 10'),
('ВікнаГруп', 'вул. Волонтерська, 3'),
('ПромБуд', 'вул. Лужанська, 4'),
('Автокомфорт', 'вул. Нова, 28'),
('СтройТех', 'вул. Березова, 33'),
('Механіка 2000', 'вул. Панаса Мирного, 17'),
('БудПроект', 'вул. Козакова, 5'),
('СервісБуд', 'вул. Броварська, 2'),
('ДизайнБуд', 'вул. Зелена, 45'),
('ДекорСтрой', 'вул. Тверська, 18'),
('АльянсБуд', 'вул. Горького, 11'),
('АртБуд', 'вул. Східна, 8'),
('Гармонія Буд', 'вул. Куликова, 16'),
('ТехМайстер', 'вул. Рівненська, 13'),
('РемБуд', 'вул. Південна, 10'),
('БудМайстер', 'вул. Льотна, 24'),
('ЛідерБуд', 'вул. Франка, 3'),
('БудКомплект', 'вул. Червоноармійська, 18'),
('КерамікаСервіс', 'вул. Вереснева, 7'),
('КварталБуд', 'вул. Дружби, 16'),
('КапіталСтрой', 'вул. Молодіжна, 9'),
('БудРесурс', 'вул. Літня, 19'),
('ЕнергоБуд', 'вул. Володимирська, 5'),
('НоваБудова', 'вул. Квітнева, 25'),
('ПроміньБуд', 'вул. Чернігівська, 20'),
('СімБуд', 'вул. Вишнева, 13'),
('ТехБудГруп', 'вул. Гімназійна, 10'),
('ГрандБуд', 'вул. Черкасова, 7'),
('ЛавандаБуд', 'вул. Богдана Хмельницького, 6'),
('ЕкоПроект', 'вул. Селянська, 30'),
('БудПостач', 'вул. Героїв Майдану, 23'),
('СавСтрой', 'вул. Горького, 19'),
('ТехРемонт', 'вул. Кірова, 18'),
('РемонтПлюс', 'вул. Тімірязєва, 21'),
('ЛюксБуд', 'вул. Грекова, 15'),
('НоваТехніка', 'вул. Політкоректна, 17'),
('БудЦентр', 'вул. Новаторів, 9'),
('СтройМайстер', 'вул. Петлюри, 4'),
('АркаБуд', 'вул. Бєлінського, 16'),
('ТехПром', 'вул. Садова, 28'),
('БудМаркетПлюс', 'вул. Павлова, 22'),
('БудТехСервіс', 'вул. Куликівська, 10'),
('БудЕкспертГруп', 'вул. Івана Франка, 23'),
('ПрофБуд', 'вул. Замкова, 8'),
('ОазисБуд', 'вул. Галицька, 24'),
('ЕкоМеблі', 'вул. Космонавтів, 21'),
('ТехДизайн', 'вул. Привокзальна, 18'),
('ФахБуд', 'вул. Замкова, 5'),
('БудСистема', 'вул. Київська, 12'),
('ІнтеграБуд', 'вул. Центральна, 11'),
('ТехНова', 'вул. Калинова, 7'),
('ФеніксБуд', 'вул. Липова, 8'),
('ТехМодуль', 'вул. Подільська, 22'),
('МодернБуд', 'вул. Розумна, 19'),
('ПланБуд', 'вул. Герцена, 10'),
('ПроБуд', 'вул. Лесинська, 16'),
('БудРемонтПро', 'вул. Павленка, 11'),
('СтройКомфорт', 'вул. Паркова, 9'),
('ТехСфера', 'вул. Тараса Шевченка, 13'),
('БудТех', 'вул. Залізнична, 6'),
('ІнтерБуд', 'вул. Східна, 2'),
('ПлюсБуд', 'вул. Лейтенанта Шмідта, 7'),
('БудЛідер', 'вул. Соборна, 18'),
('ВікнаТех', 'вул. Бажана, 14'),
('ДімБуд', 'вул. Південна, 12'),
('БудПроектГруп', 'вул. Грецька, 10'),
('ТехніБуд', 'вул. Приморська, 25'),
('РемБудГруп', 'вул. Жовтнева, 3'),
('ДекорБуд', 'вул. Малинова, 22'),
('МодульБуд', 'вул. Лебединська, 19'),
('РемонтТех', 'вул. Кармелюка, 4');

SELECT * FROM company;

INSERT INTO company_owner_company (owner_id, company_name)
VALUES
(1, 'ТехноКорп'),
(2, 'РітейлІнк'),
(3, 'ПостачСервіс'),
(4, 'АвтоСервіс'),
(5, 'БудЕксперт'),
(6, 'ТехБуд'),
(7, 'Агротех'),
(8, 'СтройГруп'),
(9, 'Меблевий Світ'),
(10, 'ЕлектроІндустрія'),
(11, 'БудГарант'),
(12, 'МайстерПласт'),
(13, 'ЕкоТех'),
(14, 'СільБуд'),
(15, 'СоларТех'),
(16, 'ВодТех'),
(17, 'МегаМеблі'),
(18, 'Автосвіт'),
(19, 'БетонБуд'),
(20, 'Архітектура 21'),
(21, 'ЕкоБуд'),
(22, 'ЕнергоГруп'),
(23, 'ПроектБуд'),
(24, 'Меблі-Сервіс'),
(25, 'РемонтБуд'),
(26, 'БудМаркет'),
(27, 'АльфаСтрой'),
(28, 'ТехПласт'),
(29, 'ДревБуд'),
(30, 'СтарБуд'),
(31, 'ВікнаГруп'),
(32, 'ПромБуд'),
(33, 'Автокомфорт'),
(34, 'СтройТех'),
(35, 'Механіка 2000'),
(36, 'БудПроект'),
(37, 'СервісБуд'),
(38, 'ДизайнБуд'),
(39, 'ДекорСтрой'),
(40, 'АльянсБуд'),
(41, 'АртБуд'),
(42, 'Гармонія Буд'),
(43, 'ТехМайстер'),
(44, 'РемБуд'),
(45, 'БудМайстер'),
(46, 'ЛідерБуд'),
(47, 'БудКомплект'),
(48, 'КерамікаСервіс'),
(49, 'КварталБуд'),
(50, 'КапіталСтрой'),
(51, 'БудРесурс'),
(52, 'ЕнергоБуд'),
(53, 'НоваБудова'),
(54, 'ПроміньБуд'),
(55, 'СімБуд'),
(56, 'ТехБудГруп'),
(57, 'ГрандБуд'),
(58, 'ЛавандаБуд'),
(59, 'ЕкоПроект'),
(60, 'БудПостач'),
(61, 'СавСтрой'),
(62, 'ТехРемонт'),
(63, 'РемонтПлюс'),
(64, 'ЛюксБуд'),
(65, 'НоваТехніка'),
(66, 'БудЦентр'),
(67, 'СтройМайстер'),
(68, 'АркаБуд'),
(69, 'ТехПром'),
(70, 'БудМаркетПлюс'),
(71, 'БудТехСервіс'),
(72, 'БудЕкспертГруп'),
(73, 'ПрофБуд'),
(74, 'ОазисБуд'),
(75, 'ЕкоМеблі'),
(76, 'ТехДизайн'),
(77, 'ФахБуд'),
(78, 'БудСистема'),
(79, 'ІнтеграБуд'),
(80, 'ТехНова'),
(81, 'ФеніксБуд'),
(82, 'ТехМодуль'),
(83, 'МодернБуд'),
(84, 'ПланБуд'),
(85, 'ПроБуд'),
(86, 'БудРемонтПро'),
(87, 'СтройКомфорт'),
(88, 'ТехСфера'),
(89, 'БудТех'),
(90, 'ІнтерБуд'),
(91, 'ПлюсБуд'),
(92, 'БудЛідер'),
(93, 'ВікнаТех'),
(94, 'ДімБуд'),
(95, 'БудПроектГруп'),
(96, 'ТехніБуд'),
(97, 'РемБудГруп'),
(98, 'ДекорБуд'),
(99, 'МодульБуд'),
(100, 'РемонтТех');

SELECT * FROM company_owner_company;

INSERT INTO product (product_id, name, type, price_per_unit)
VALUES
(1, 'Ноутбук', 'Електроніка', 15000.00),
(2, 'Планшет', 'Електроніка', 8000.00),
(3, 'Стіл', 'Меблі', 4500.00),
(4, 'Стілець', 'Меблі', 2000.00),
(5, 'Телевізор', 'Електроніка', 12000.00),
(6, 'Холодильник', 'Електроніка', 8500.00),
(7, 'Смартфон', 'Електроніка', 10000.00),
(8, 'Крісла', 'Меблі', 1500.00),
(9, 'Шафа', 'Меблі', 6000.00),
(10, 'Мікрохвильова піч', 'Електроніка', 4000.00),
(11, 'Комп’ютер', 'Електроніка', 20000.00),
(12, 'Монітор', 'Електроніка', 5000.00),
(13, 'Клавіатура', 'Електроніка', 1000.00),
(14, 'Мишка', 'Електроніка', 500.00),
(15, 'Колонки', 'Електроніка', 1500.00),
(16, 'Планшетний комп’ютер', 'Електроніка', 7000.00),
(17, 'Проектор', 'Електроніка', 8000.00),
(18, 'Кавоварка', 'Побутова техніка', 2500.00),
(19, 'Чайник', 'Побутова техніка', 800.00),
(20, 'Посудомийна машина', 'Побутова техніка', 12000.00),
(21, 'Пральна машина', 'Побутова техніка', 15000.00),
(22, 'Сушарка для одягу', 'Побутова техніка', 4000.00),
(23, 'Фен', 'Побутова техніка', 1500.00),
(24, 'Вентилятор', 'Побутова техніка', 800.00),
(25, 'Портативна колонка', 'Електроніка', 1200.00),
(26, 'Електричний обігрівач', 'Побутова техніка', 2500.00),
(27, 'Електрочайник', 'Побутова техніка', 900.00),
(28, 'Тостер', 'Побутова техніка', 1300.00),
(29, 'Блендер', 'Побутова техніка', 2000.00),
(30, 'Міксер', 'Побутова техніка', 1500.00),
(31, 'Фен для волосся', 'Побутова техніка', 800.00),
(32, 'Масажер', 'Здоров’я', 1500.00),
(33, 'Тонометр', 'Здоров’я', 1000.00),
(34, 'Інгалятор', 'Здоров’я', 3000.00),
(35, 'Грілка', 'Здоров’я', 500.00),
(36, 'Скачки для фітнесу', 'Спортивне обладнання', 1200.00),
(37, 'Йога-мат', 'Спортивне обладнання', 600.00),
(38, 'Гантелі', 'Спортивне обладнання', 1000.00),
(39, 'Фітнес-трекер', 'Спортивне обладнання', 3000.00),
(40, 'Електричний самокат', 'Транспорт', 18000.00),
(41, 'Велосипед', 'Транспорт', 7000.00),
(42, 'Скутер', 'Транспорт', 10000.00),
(43, 'Мотоцикл', 'Транспорт', 30000.00),
(44, 'Автомобіль', 'Транспорт', 80000.00),
(45, 'Дитяча коляска', 'Транспорт', 5000.00),
(46, 'Трійка роликів', 'Транспорт', 1500.00),
(47, 'Сноуборд', 'Спортивне обладнання', 4000.00),
(48, 'Лижі', 'Спортивне обладнання', 5000.00),
(49, 'Картинг', 'Транспорт', 25000.00),
(50, 'М’яч футбольний', 'Спортивне обладнання', 800.00),
(51, 'Ковзани', 'Спортивне обладнання', 1200.00),
(52, 'Бігова доріжка', 'Спортивне обладнання', 12000.00),
(53, 'Спортивне взуття', 'Одяг', 2000.00),
(54, 'Тренажер', 'Спортивне обладнання', 4000.00),
(55, 'Ролики', 'Транспорт', 1500.00),
(56, 'Комп’ютерна мишка', 'Електроніка', 500.00),
(57, 'Ігровий контролер', 'Електроніка', 1500.00),
(58, 'Мобільний телефон', 'Електроніка', 11000.00),
(59, 'Фотоапарат', 'Електроніка', 8000.00),
(60, 'Камера спостереження', 'Електроніка', 3000.00),
(61, 'Фотокамера', 'Електроніка', 10000.00),
(62, 'Часникодавка', 'Побутова техніка', 300.00),
(63, 'Миксер для тесту', 'Побутова техніка', 1500.00),
(64, 'Швабра', 'Побутова техніка', 600.00),
(65, 'Робот-пилосос', 'Побутова техніка', 7000.00),
(66, 'Стайлер для волосся', 'Побутова техніка', 2000.00),
(67, 'Кавоварка еспресо', 'Побутова техніка', 4000.00),
(68, 'Набір посуду', 'Побутова техніка', 1500.00),
(69, 'Насос для води', 'Побутова техніка', 2500.00),
(70, 'Вакуумний упаковник', 'Побутова техніка', 1000.00),
(71, 'Сушарка для взуття', 'Побутова техніка', 800.00),
(72, 'Автономний обігрівач', 'Побутова техніка', 2000.00),
(73, 'Панель електрична', 'Побутова техніка', 5000.00),
(74, 'Штучний інтелект для дому', 'Електроніка', 50000.00),
(75, 'Мікроскоп', 'Наукове обладнання', 8000.00),
(76, 'Біологічна лабораторія', 'Наукове обладнання', 30000.00),
(77, 'Рентген апарат', 'Медичне обладнання', 50000.00),
(78, 'Інфрачервоний термометр', 'Медичне обладнання', 1500.00),
(79, 'Портативний генератор', 'Побутова техніка', 5000.00),
(80, 'Робот для досліджень', 'Наукове обладнання', 25000.00),
(81, 'Мікрофон', 'Аудіо техніка', 2000.00),
(82, 'Навушники', 'Аудіо техніка', 1500.00),
(83, 'Проектор для кіно', 'Аудіо техніка', 10000.00),
(84, 'Система домашнього кінотеатру', 'Аудіо техніка', 15000.00),
(85, 'Радар', 'Наукове обладнання', 20000.00),
(86, 'Камера для нічного бачення', 'Аудіо техніка', 5000.00),
(87, 'Гідропоніка', 'Сад і город', 2500.00),
(88, 'Штучне освітлення для рослин', 'Сад і город', 1500.00),
(89, 'Мікроелементи для рослин', 'Сад і город', 500.00),
(90, 'Пестициди', 'Сад і город', 1000.00),
(91, 'Ваги кухонні', 'Побутова техніка', 600.00),
(92, 'Термометр', 'Здоров’я', 400.00),
(93, 'Гриль', 'Побутова техніка', 4500.00),
(94, 'Бойлер', 'Побутова техніка', 10000.00),
(95, 'Тостер для хліба', 'Побутова техніка', 700.00),
(96, 'Зарядна станція', 'Електроніка', 2000.00),
(97, 'Кухонний комбайн', 'Побутова техніка', 3000.00),
(98, 'Сушарка для фруктів', 'Побутова техніка', 1500.00),
(99, 'Штопор', 'Побутова техніка', 500.00),
(100, 'Вишивальний станок', 'Техніка для дому', 6000.00);

SELECT * FROM product;

INSERT INTO company_product (company_name, product_id, product_quantity)
VALUES
('ТехноКорп', 1, 50),
('ТехноКорп', 2, 30),
('РітейлІнк', 3, 20),
('ПостачСервіс', 4, 100),
('АвтоСервіс', 5, 70),
('БудЕксперт', 6, 40),
('ТехБуд', 7, 60),
('Агротех', 8, 25),
('СтройГруп', 9, 55),
('Меблевий Світ', 10, 90),
('ТехноКорп', 11, 40),
('ТехноКорп', 12, 60),
('РітейлІнк', 13, 50),
('ПостачСервіс', 14, 30),
('АвтоСервіс', 15, 80),
('БудЕксперт', 16, 70),
('ТехБуд', 17, 20),
('Агротех', 18, 100),
('СтройГруп', 19, 50),
('Меблевий Світ', 20, 90),
('ТехноКорп', 21, 40),
('ТехноКорп', 22, 60),
('РітейлІнк', 23, 30),
('ПостачСервіс', 24, 100),
('АвтоСервіс', 25, 70),
('БудЕксперт', 26, 40),
('ТехБуд', 27, 60),
('Агротех', 28, 25),
('СтройГруп', 29, 55),
('Меблевий Світ', 30, 90),
('ТехноКорп', 31, 40),
('ТехноКорп', 32, 60),
('РітейлІнк', 33, 50),
('ПостачСервіс', 34, 30),
('АвтоСервіс', 35, 80),
('БудЕксперт', 36, 70),
('ТехБуд', 37, 20),
('Агротех', 38, 100),
('СтройГруп', 39, 50),
('Меблевий Світ', 40, 90),
('ТехноКорп', 41, 40),
('ТехноКорп', 42, 60),
('РітейлІнк', 43, 30),
('ПостачСервіс', 44, 100),
('АвтоСервіс', 45, 70),
('БудЕксперт', 46, 40),
('ТехБуд', 47, 60),
('Агротех', 48, 25),
('СтройГруп', 49, 55),
('Меблевий Світ', 50, 90),
('ТехноКорп', 51, 40),
('ТехноКорп', 52, 60),
('РітейлІнк', 53, 50),
('ПостачСервіс', 54, 30),
('АвтоСервіс', 55, 80),
('БудЕксперт', 56, 70),
('ТехБуд', 57, 20),
('Агротех', 58, 100),
('СтройГруп', 59, 50),
('Меблевий Світ', 60, 90),
('ТехноКорп', 61, 40),
('ТехноКорп', 62, 60),
('РітейлІнк', 63, 30),
('ПостачСервіс', 64, 100),
('АвтоСервіс', 65, 70),
('БудЕксперт', 66, 40),
('ТехБуд', 67, 60),
('Агротех', 68, 25),
('СтройГруп', 69, 55),
('Меблевий Світ', 70, 90),
('ТехноКорп', 71, 40),
('ТехноКорп', 72, 60),
('РітейлІнк', 73, 50),
('ПостачСервіс', 74, 30),
('АвтоСервіс', 75, 80),
('БудЕксперт', 76, 70),
('ТехБуд', 77, 20),
('Агротех', 78, 100),
('СтройГруп', 79, 50),
('Меблевий Світ', 80, 90),
('ТехноКорп', 81, 40),
('ТехноКорп', 82, 60),
('РітейлІнк', 83, 30),
('ПостачСервіс', 84, 100),
('АвтоСервіс', 85, 70),
('БудЕксперт', 86, 40),
('ТехБуд', 87, 60),
('Агротех', 88, 25),
('СтройГруп', 89, 55),
('Меблевий Світ', 90, 90),
('ТехноКорп', 91, 40),
('ТехноКорп', 92, 60),
('РітейлІнк', 93, 50),
('ПостачСервіс', 94, 30),
('АвтоСервіс', 95, 80),
('БудЕксперт', 96, 70),
('ТехБуд', 97, 20),
('Агротех', 98, 100),
('СтройГруп', 99, 50),
('Меблевий Світ', 100, 90);

SELECT * FROM company_product;

INSERT INTO contract (contract_number, contract_date, product_id, termin, supplier_company, receiver_company)
VALUES
(101, '2024-01-15', 1, '2024-06-01', 'ТехноКорп', 'РітейлІнк'),
(102, '2024-02-01', 2, '2024-07-01', 'ТехноКорп', 'ПостачСервіс'),
(103, '2024-03-10', 3, '2024-09-10', 'ПостачСервіс', 'РітейлІнк'),
(104, '2024-04-20', 4, '2024-11-01', 'ПостачСервіс', 'ТехноКорп'),
(105, '2024-05-10', 5, '2024-12-15', 'ТехноКорп', 'БудЕксперт'),
(106, '2024-06-05', 6, '2025-01-20', 'БудЕксперт', 'СтройГруп'),
(107, '2024-07-25', 7, '2024-08-15', 'Агротех', 'Меблевий Світ'),
(108, '2024-08-14', 8, '2024-09-05', 'СтройГруп', 'ТехБуд'),
(109, '2024-09-01', 9, '2025-02-18', 'Меблевий Світ', 'ЕлектроІндустрія'),
(110, '2024-10-10', 10, '2025-03-01', 'ТехноКорп', 'Агротех'),
(111, '2024-11-01', 11, '2025-01-01', 'ТехноКорп', 'БудЕксперт'),
(112, '2024-11-10', 12, '2025-02-15', 'РітейлІнк', 'ПостачСервіс'),
(113, '2024-11-20', 13, '2025-03-10', 'ПостачСервіс', 'СтройГруп'),
(114, '2024-12-01', 14, '2025-04-01', 'БудЕксперт', 'Меблевий Світ'),
(115, '2024-12-05', 15, '2025-05-15', 'Агротех', 'ТехноКорп'),
(116, '2024-12-12', 16, '2025-06-01', 'СтройГруп', 'ЕлектроІндустрія'),
(117, '2024-12-15', 17, '2025-07-01', 'Меблевий Світ', 'ТехБуд'),
(118, '2024-12-20', 18, '2025-08-10', 'ТехноКорп', 'БудЕксперт'),
(119, '2024-12-25', 19, '2025-09-15', 'РітейлІнк', 'Агротех'),
(120, '2024-12-30', 20, '2025-10-01', 'ПостачСервіс', 'СтройГруп'),
(121, '2025-01-10', 21, '2025-11-01', 'БудЕксперт', 'РітейлІнк'),
(122, '2025-01-15', 22, '2025-12-01', 'ТехноКорп', 'ПостачСервіс'),
(123, '2025-01-20', 23, '2026-01-15', 'Меблевий Світ', 'ТехБуд'),
(124, '2025-02-01', 24, '2026-02-01', 'Агротех', 'РітейлІнк'),
(125, '2025-02-10', 25, '2026-03-01', 'СтройГруп', 'Меблевий Світ'),
(126, '2025-02-20', 26, '2026-04-10', 'ТехноКорп', 'БудЕксперт'),
(127, '2025-03-01', 27, '2026-05-01', 'ПостачСервіс', 'Агротех'),
(128, '2025-03-10', 28, '2026-06-15', 'РітейлІнк', 'ТехноКорп'),
(129, '2025-03-15', 29, '2026-07-01', 'ТехБуд', 'СтройГруп'),
(130, '2025-04-01', 30, '2026-08-01', 'БудЕксперт', 'Меблевий Світ'),
(131, '2025-04-05', 31, '2026-09-01', 'Агротех', 'ПостачСервіс'),
(132, '2025-04-15', 32, '2026-10-10', 'ТехноКорп', 'РітейлІнк'),
(133, '2025-04-20', 33, '2026-11-01', 'СтройГруп', 'ТехБуд'),
(134, '2025-05-01', 34, '2026-12-01', 'Меблевий Світ', 'Агротех'),
(135, '2025-05-10', 35, '2027-01-15', 'ПостачСервіс', 'ТехноКорп'),
(136, '2025-05-15', 36, '2027-02-01', 'ТехБуд', 'РітейлІнк'),
(137, '2025-06-01', 37, '2027-03-01', 'СтройГруп', 'БудЕксперт'),
(138, '2025-06-10', 38, '2027-04-10', 'ТехноКорп', 'Меблевий Світ'),
(139, '2025-06-15', 39, '2027-05-01', 'ПостачСервіс', 'ТехБуд'),
(140, '2025-07-01', 40, '2027-06-15', 'РітейлІнк', 'СтройГруп'),
(141, '2025-07-05', 41, '2027-07-01', 'Меблевий Світ', 'ПостачСервіс'),
(142, '2025-07-10', 42, '2027-08-01', 'Агротех', 'ТехноКорп'),
(143, '2025-08-01', 43, '2027-09-01', 'СтройГруп', 'РітейлІнк'),
(144, '2025-08-05', 44, '2027-10-01', 'ПостачСервіс', 'Агротех'),
(145, '2025-08-10', 45, '2027-11-15', 'БудЕксперт', 'ТехноКорп'),
(146, '2025-09-01', 46, '2027-12-01', 'Меблевий Світ', 'СтройГруп'),
(147, '2025-09-10', 47, '2028-01-01', 'ТехБуд', 'ПостачСервіс'),
(148, '2025-09-15', 48, '2028-02-01', 'ТехноКорп', 'Агротех'),
(149, '2025-10-01', 49, '2028-03-01', 'РітейлІнк', 'ТехБуд'),
(150, '2025-10-05', 50, '2028-04-10', 'БудЕксперт', 'Меблевий Світ'),
(151, '2025-10-10', 51, '2028-05-01', 'ТехноКорп', 'СтройГруп'),
(152, '2025-11-01', 52, '2028-06-01', 'ПостачСервіс', 'ТехБуд'),
(153, '2025-11-10', 53, '2028-07-15', 'БудЕксперт', 'РітейлІнк'),
(154, '2025-11-15', 54, '2028-08-01', 'Меблевий Світ', 'ТехноКорп'),
(155, '2025-12-01', 55, '2028-09-01', 'Агротех', 'СтройГруп'),
(156, '2025-12-05', 56, '2028-10-10', 'ТехБуд', 'ПостачСервіс'),
(157, '2025-12-10', 57, '2028-11-01', 'ТехноКорп', 'Меблевий Світ'),
(158, '2026-01-01', 58, '2028-12-01', 'РітейлІнк', 'Агротех'),
(159, '2026-01-05', 59, '2029-01-01', 'ПостачСервіс', 'ТехБуд'),
(160, '2026-01-10', 60, '2029-02-01', 'БудЕксперт', 'Меблевий Світ'),
(161, '2026-02-01', 61, '2029-03-01', 'ТехноКорп', 'СтройГруп'),
(162, '2026-02-05', 62, '2029-04-10', 'РітейлІнк', 'Агротех'),
(163, '2026-02-10', 63, '2029-05-01', 'ТехБуд', 'Меблевий Світ'),
(164, '2026-03-01', 64, '2029-06-01', 'СтройГруп', 'ПостачСервіс'),
(165, '2026-03-05', 65, '2029-07-15', 'Меблевий Світ', 'ТехноКорп'),
(166, '2026-03-10', 66, '2029-08-01', 'ТехБуд', 'РітейлІнк'),
(167, '2026-04-01', 67, '2029-09-01', 'ТехноКорп', 'БудЕксперт'),
(168, '2026-04-05', 68, '2029-10-10', 'СтройГруп', 'Агротех'),
(169, '2026-04-10', 69, '2029-11-01', 'Меблевий Світ', 'ПостачСервіс'),
(170, '2026-05-01', 70, '2029-12-01', 'ТехноКорп', 'РітейлІнк'),
(171, '2026-05-10', 71, '2030-01-01', 'ТехБуд', 'СтройГруп'),
(172, '2026-05-15', 72, '2030-02-01', 'ПостачСервіс', 'Меблевий Світ'),
(173, '2026-06-01', 73, '2030-03-01', 'Агротех', 'БудЕксперт'),
(174, '2026-06-05', 74, '2030-04-10', 'СтройГруп', 'ТехноКорп'),
(175, '2026-06-10', 75, '2030-05-01', 'Меблевий Світ', 'ПостачСервіс'),
(176, '2026-07-01', 76, '2030-06-01', 'ТехноКорп', 'Агротех'),
(177, '2026-07-05', 77, '2030-07-15', 'ТехБуд', 'СтройГруп'),
(178, '2026-07-10', 78, '2030-08-01', 'ПостачСервіс', 'Меблевий Світ'),
(179, '2026-08-01', 79, '2030-09-01', 'ТехноКорп', 'РітейлІнк'),
(180, '2026-08-05', 80, '2030-10-10', 'БудЕксперт', 'ПостачСервіс'),
(181, '2026-08-10', 81, '2030-11-01', 'Меблевий Світ', 'ТехБуд'),
(182, '2026-09-01', 82, '2030-12-01', 'ТехноКорп', 'Агротех'),
(183, '2026-09-05', 83, '2031-01-01', 'РітейлІнк', 'СтройГруп'),
(184, '2026-09-10', 84, '2031-02-01', 'ПостачСервіс', 'Меблевий Світ'),
(185, '2026-10-01', 85, '2031-03-01', 'БудЕксперт', 'ТехноКорп'),
(186, '2026-10-05', 86, '2031-04-01', 'Меблевий Світ', 'Агротех'),
(187, '2026-10-10', 87, '2031-05-01', 'ПостачСервіс', 'ТехБуд'),
(188, '2026-11-01', 88, '2031-06-01', 'БудЕксперт', 'РітейлІнк'),
(189, '2026-11-05', 89, '2031-07-01', 'ТехноКорп', 'Меблевий Світ'),
(190, '2026-11-10', 90, '2031-08-01', 'ТехБуд', 'ПостачСервіс'),
(191, '2026-12-01', 91, '2031-09-01', 'СтройГруп', 'РітейлІнк'),
(192, '2026-12-05', 92, '2031-10-10', 'Меблевий Світ', 'ТехноКорп'),
(193, '2026-12-10', 93, '2031-11-01', 'ПостачСервіс', 'ТехБуд'),
(194, '2027-01-01', 94, '2031-12-01', 'РітейлІнк', 'Агротех'),
(195, '2027-01-05', 95, '2032-01-01', 'ТехноКорп', 'БудЕксперт'),
(196, '2027-01-10', 96, '2032-02-01', 'Меблевий Світ', 'ПостачСервіс'),
(197, '2027-02-01', 97, '2032-03-01', 'ТехБуд', 'СтройГруп'),
(198, '2027-02-05', 98, '2032-04-01', 'Агротех', 'ТехноКорп'),
(199, '2027-02-10', 99, '2032-05-01', 'СтройГруп', 'РітейлІнк'),
(200, '2027-03-01', 100, '2032-06-01', 'Меблевий Світ', 'ТехБуд');

SELECT * FROM contract;